Is Just In,Color Pink,Just In
Is Just In,Color Grey,Just In
Is Just In,Color Orange,Just In
Is Just In,Color Brown,Just In
Color Brown,,
Color Grey,,
Color Brown,,
Color Blue,,
Color Black,,
Color Grey,,
Color White,,
Color White,,
Color Brown,,
Color Green,,
Is Best Seller,Color Black,Best Seller
Is Best Seller,Color Brown,Best Seller
Is Best Seller,Color Brown,Best Seller
Is Coming Soon,Color Green,Coming Soon
Is Coming Soon,Color White,Coming Soon
Is Just In,Color Brown,Just In
Is Just In,Color Grey,Just In
Is Best Seller,Color Black,Best Seller
Color White,,
Is Best Seller,Color Grey,Best Seller
Color Grey,,
Is Just In,Color Grey,Just In
Color Grey,,
Is Just In,Color Yellow,Just In
Color Grey,,
Color Purple,,
Color Grey,,
Color Grey,,
Color Grey,,
Color Brown,,
Color Grey,,
Is Just In,Color Brown,Just In
Color Yellow,,
Color Grey,,
Color White,,
Color White,,
Is Member Product,Color Grey,Member Product
Color Grey,,
Color White,,
Color White,,
Is Best Seller,Color Black,Best Seller
Is Best Seller,Color Orange,Best Seller
Is Best Seller,Color Yellow,Best Seller
Is Best Seller,Color Blue,Best Seller
Is Best Seller,Color Green,Best Seller
Is Best Seller,Color White,Best Seller
Is Best Seller,Color White,Best Seller
Is Best Seller,Color Purple,Best Seller
Is Best Seller,Color Red,Best Seller
Is Best Seller,Color Green,Best Seller
Is Best Seller,Color Blue,Best Seller
Is Best Seller,Color Blue,Best Seller
Is Best Seller,Color Brown,Best Seller
Is Best Seller,Color Brown,Best Seller
Is Best Seller,Color Orange,Best Seller
Is Best Seller,Color Black,Best Seller
Is Best Seller,Color Black,Best Seller
Is Best Seller,Color Black,Best Seller
Is Best Seller,Color White,Best Seller
Is Best Seller,Color Green,Best Seller
Is Best Seller,Color Grey,Best Seller
Is Best Seller,Color Blue,Best Seller
Is Best Seller,Color Grey,Best Seller
Is Member Product,Color Brown,Member Product
Is Best Seller,Color Black,Best Seller
Is Best Seller,Color White,Best Seller
Is Best Seller,Color White,Best Seller
Color Black,,
Is Best Seller,Color Black,Best Seller
Is Best Seller,Color Black,Best Seller
Is Best Seller,Color Brown,Best Seller
Is Best Seller,Color White,Best Seller
Is Best Seller,Color White,Best Seller
Is Best Seller,Color Blue,Best Seller
Is Best Seller,Color Black,Best Seller
Is Sustainable Materials,Color Brown,Sustainable Materials
Color White,,
Is Best Seller,Color Grey,Best Seller
Is Best Seller,Color Brown,Best Seller
Color White,,
Is Best Seller,Color White,Best Seller
Is Best Seller,Color Purple,Best Seller
Color White,,
Color Orange,,
Is Sustainable Materials,Color White,Sustainable Materials
Is Sustainable Materials,Color White,Sustainable Materials
Is Sustainable Materials,Color Black,Sustainable Materials
Color White,,
Color Multi-Color,,
Color Multi-Color,,
Is Sustainable Materials,Color Black,Sustainable Materials
Is Sustainable Materials,Color White,Sustainable Materials
Is Sustainable Materials,Color Green,Sustainable Materials
Is Sustainable Materials,Color White,Sustainable Materials
Is Sustainable Materials,Color Grey,Sustainable Materials
Is Sustainable Materials,Color Yellow,Sustainable Materials
Is Member Product,Color Brown,Member Product
Is Sustainable Materials,Color Grey,Sustainable Materials
Is Sustainable Materials,Color Grey,Sustainable Materials
Is Sustainable Materials,Color White,Sustainable Materials
Color Orange,,
Color White,,
Color Black,,
Color White,,
Color Blue,,
Color Black,,
Color Blue,,
Color Purple,,
Color Yellow,,
Is Just In,Color Green,Just In
Is Best Seller,Color White,Best Seller
Color Red,,
Color Black,,
Color White,,
Color White,,
Is Just In,Color Yellow,Just In
Color Grey,,
Color Purple,,
Color Blue,,
Is Best Seller,Color White,Best Seller
Is Best Seller,Color Yellow,Best Seller
Color Green,,
Is Best Seller,Color Black,Best Seller
Is Best Seller,Color Red,Best Seller
Is Best Seller,Color White,Best Seller
Is Best Seller,Color White,Best Seller
Is Best Seller,Color Grey,Best Seller
Is Best Seller,Color White,Best Seller
Is Best Seller,Color Green,Best Seller
Is Best Seller,Color Blue,Best Seller
Is Best Seller,Color Blue,Best Seller
Is Best Seller,Color Red,Best Seller
Is Best Seller,Color Purple,Best Seller
Is Best Seller,Color Yellow,Best Seller
Is Best Seller,Color Black,Best Seller
Is Best Seller,Color White,Best Seller
Is Just In,Color Black,Just In
Is Best Seller,Color Grey,Best Seller
Is Best Seller,Color Black,Best Seller
Is Best Seller,Color Black,Best Seller
Is Best Seller,Color Black,Best Seller
Is Just In,Color Green,Just In
Is Just In,Color Black,Just In
Is Best Seller,Color Grey,Best Seller
Is Best Seller,Color White,Best Seller
Color White,,
Is Just In,Color White,Just In
Is Best Seller,Color Black,Best Seller
Is Just In,Color Brown,Just In
Color Black,,
Color White,,
Color Red,,
Is Just In,Color Grey,Just In
Is Sustainable Materials,Color Black,Sustainable Materials
Is Sustainable Materials,Color Black,Sustainable Materials
Is Sustainable Materials,Color Green,Sustainable Materials
Is Sustainable Materials,Color Grey,Sustainable Materials
Color Black,,
Is Sustainable Materials,Color Grey,Sustainable Materials
Is Sustainable Materials,Color Green,Sustainable Materials
Is Sustainable Materials,Color Red,Sustainable Materials
Is Sustainable Materials,Color Grey,Sustainable Materials
Is Sustainable Materials,Color Grey,Sustainable Materials
Is Just In,Color Grey,Just In
Color Brown,,
Color Green,,
Color Blue,,
Is Just In,Color Grey,Just In
Is Just In,Color Green,Just In
Color Green,,
Is Just In,Color Grey,Just In
Color Brown,,
Is Just In,Color Grey,Just In
Is Best Seller,Color Blue,Best Seller
Color Brown,,
Color Brown,,
Color Brown,,
Is Best Seller,Color White,Best Seller
Is Best Seller,Color Black,Best Seller
Is Best Seller,Color Grey,Best Seller
Is Best Seller,Color Black,Best Seller
Is Best Seller,Color Yellow,Best Seller
Color Grey,,
Is Just In,Color Black,Just In
Color White,,
Color Grey,,
Color White,,
Is Just In,Color Orange,Just In
Is Sustainable Materials,Color Black,Sustainable Materials
Is Sustainable Materials,Color White,Sustainable Materials
Is Sustainable Materials,Color White,Sustainable Materials
Is Sustainable Materials,Color Grey,Sustainable Materials
Is Just In,Color Grey,Just In
Is Just In,Color Black,Just In
Is Sustainable Materials,Color Black,Sustainable Materials
Is Sustainable Materials,Color White,Sustainable Materials
Color Grey,,
Is Just In,Color Black,Just In
Color White,,
Color Black,,
Color Black,,
Color Black,,
Color Grey,,
Color White,,
Color Blue,,
Color Grey,,
Color White,,
Color Black,,
Color Black,,
Color Grey,,
Color Black,,
Color Brown,,
Color Black,,
Color White,,
Is Just In,Color White,Just In
Color Grey,,
Color White,,
Color Black,,
Is Best Seller,Color Yellow,Best Seller
Is Best Seller,Color Black,Best Seller
Is Best Seller,Color Black,Best Seller
Is Best Seller,Color Black,Best Seller
Is Best Seller,Color White,Best Seller
Color Brown,,
Is Just In,Color Grey,Just In
Is Best Seller,Color Blue,Best Seller
Is Best Seller,Color White,Best Seller
Color White,,
Color Black,,
Is Best Seller,Color Black,Best Seller
Is Just In,Color White,Just In
Color Black,,
Color White,,
Color Black,,
Color White,,
Color White,,
Is Just In,Color Grey,Just In
Color Blue,,
Color Grey,,
Color Purple,,
Color Black,,
Color White,,
Color Black,,
Color Grey,,
Color Green,,
Color White,,
Is Just In,Color White,Just In
Is Best Seller,Color Black,Best Seller
Color White,,
Color White,,
Color Yellow,,
Color White,,
Color White,,
Is Best Seller,Color Black,Best Seller
Color White,,
Color Green,,
Color Multi-Color,,
Color White,,
Color White,,
Color Grey,,
Is Best Seller,Color Black,Best Seller
Is Best Seller,Color Brown,Best Seller
Is Just In,Color White,Just In
Is Just In,Color White,Just In
Is Best Seller,Color White,Best Seller
Is Best Seller,Color Grey,Best Seller
Is Best Seller,Color Grey,Best Seller
Is Best Seller,Color Black,Best Seller
Is Best Seller,Color Grey,Best Seller
Is Best Seller,Color Grey,Best Seller
Is Best Seller,Color White,Best Seller
Is Best Seller,Color Grey,Best Seller
Is Best Seller,Color Grey,Best Seller
Is Best Seller,Color Grey,Best Seller
Is Best Seller,Color White,Best Seller
Is Best Seller,Color Black,Best Seller
Is Best Seller,Color White,Best Seller
Is Best Seller,Color White,Best Seller
Is Just In,Color Blue,Just In
Color Grey,,
Color Black,,
Color Green,,
Color Blue,,
Color Grey,,
Color White,,
Color White,,
Color Orange,,
Color Black,,
Is Best Seller,Color Orange,Best Seller
Is Best Seller,Color Blue,Best Seller
Color Green,,
Color Grey,,
Color Black,,
Color Brown,,
Color Brown,,
Is Sustainable Materials,Color White,Sustainable Materials
Is Sustainable Materials,Color White,Sustainable Materials
Is Sustainable Materials,Color Black,Sustainable Materials
Is Sustainable Materials,Color Black,Sustainable Materials
Is Sustainable Materials,Color White,Sustainable Materials
Is Sustainable Materials,Color White,Sustainable Materials
Is Just In,Color Grey,Just In
Is Just In,Color Black,Just In
Is Just In,Color White,Just In
Color Black,,
Color Yellow,,
Is Coming Soon,Color White,Coming Soon
Is Just In,Color Black,Just In
Is Best Seller,Color Brown,Best Seller
Is Best Seller,Color Brown,Best Seller
Color White,,
Is Best Seller,Color White,Best Seller
Is Best Seller,Color White,Best Seller
Is Best Seller,Color White,Best Seller
Is Best Seller,Color Brown,Best Seller
Color Black,,
Color Brown,,
Is Just In,Color Grey,Just In
Color Grey,,
Color Green,,
Color Blue,,
Is Best Seller,Color Black,Best Seller
Is Best Seller,Color Red,Best Seller
Is Best Seller,Color White,Best Seller
Is Best Seller,Color Brown,Best Seller
Is Best Seller,Color Brown,Best Seller
Is Best Seller,Color Green,Best Seller
Is Best Seller,Color Blue,Best Seller
Color Grey,,
Is Best Seller,Color Brown,Best Seller
Is Best Seller,Color Blue,Best Seller
Is Best Seller,Color Brown,Best Seller
Is Best Seller,Color Black,Best Seller
Is Best Seller,Color Black,Best Seller
Color White,,
Color Brown,,
Color White,,
Color White,,
Color Grey,,
Color Grey,,
Color Blue,,
Color White,,
Color Green,,
Is Sustainable Materials,Color Grey,Sustainable Materials
Is Sustainable Materials,Color Red,Sustainable Materials
Is Sustainable Materials,Color Black,Sustainable Materials
Is Sustainable Materials,Color Brown,Sustainable Materials
Is Sustainable Materials,Color Black,Sustainable Materials
Is Sustainable Materials,Color Black,Sustainable Materials
Is Sustainable Materials,Color Grey,Sustainable Materials
Is Sustainable Materials,Color Red,Sustainable Materials
Color Grey,,
Color Black,,
Is Best Seller,Color White,Best Seller
Is Sustainable Materials,Color White,Sustainable Materials
Is Sustainable Materials,Color White,Sustainable Materials
Is Best Seller,Color White,Best Seller
Color Grey,,
Is Best Seller,Color Grey,Best Seller
Is Best Seller,Color Black,Best Seller
Color White,,
Is Best Seller,Color Black,Best Seller
Is Best Seller,Color Black,Best Seller
Is Best Seller,Color White,Best Seller
Is Best Seller,Color Blue,Best Seller
Color White,,
Color White,,
Color White,,
Color White,,
Color Brown,,
Color White,,
Color White,,
Color Brown,,
Color Black,,
Color White,,
Color White,,
Color White,,
Color Blue,,
Color White,,
Color White,,
Color Black,,
Color White,,
Color White,,
Color Grey,,
Color White,,
Color Grey,,
Color White,,
Color White,,
Color Red,,
Color Black,,
Color White,,
Color White,,
Color Brown,,
Color White,,
Color Grey,,
Color Green,,
Color White,,
Color Black,,
Color Grey,,
Color Green,,
Color Grey,,
Color Black,,
Color Yellow,,
Color White,,
Color White,,
Color Black,,
Color Black,,
Color White,,
Color Orange,,
Color White,,
Color Brown,,
Color White,,
Color Grey,,
Color Brown,,
Color Yellow,,
Color Pink,,
Color Grey,,
Color Black,,
Color White,,
Color White,,
Color Grey,,
Color Grey,,
Color Grey,,
Color Brown,,
Color White,,
Color Green,,
Color Blue,,
Color White,,
Color Black,,
Color Red,,
Is Sustainable Materials,Color White,Sustainable Materials
Is Sustainable Materials,Color Blue,Sustainable Materials
Is Sustainable Materials,Color Grey,Sustainable Materials
Is Sustainable Materials,Color Black,Sustainable Materials
Is Sustainable Materials,Color Grey,Sustainable Materials
Is Just In,Color Black,Just In
Is Sustainable Materials,Color Grey,Sustainable Materials
Is Sustainable Materials,Color Grey,Sustainable Materials
Is Sustainable Materials,Color White,Sustainable Materials
Color Black,,
Color Black,,
Color White,,
Color Black,,
Color White,,
Color White,,
Color White,,
Color Grey,,
Color White,,
Color White,,
Color Grey,,
Color White,,
Is Just In,Color Blue,Just In
Color Black,,
Color Black,,
Color Black,,
Color Grey,,
Color White,,
Color White,,
Color Black,,
Color Grey,,
Color Green,,
Color Black,,
Color Black,,
Is Sustainable Materials,Color Black,Sustainable Materials
Is Sustainable Materials,Color Blue,Sustainable Materials
Is Sustainable Materials,Color Red,Sustainable Materials
Color Black,,
Color White,,
Color White,,
Color Grey,,
Color Blue,,
Color Black,,
Is Sustainable Materials,Color White,Sustainable Materials
Is Sustainable Materials,Color Orange,Sustainable Materials
Is Sustainable Materials,Color White,Sustainable Materials
Is Sustainable Materials,Color Black,Sustainable Materials
Is Sustainable Materials,Color Blue,Sustainable Materials
Is Sustainable Materials,Color Black,Sustainable Materials
Color Black,,
Color Blue,,
Color White,,
Color White,,
Color Black,,
Is Best Seller,Color Blue,Best Seller
Is Best Seller,Color Yellow,Best Seller
Is Best Seller,Color White,Best Seller
Is Sustainable Materials,Color Black,Sustainable Materials
Is Sustainable Materials,Color Black,Sustainable Materials
Is Sustainable Materials,Color Black,Sustainable Materials
Is Sustainable Materials,Color Black,Sustainable Materials
Is Sustainable Materials,Color Black,Sustainable Materials
Is Sustainable Materials,Color Black,Sustainable Materials
Is Sustainable Materials,Color Black,Sustainable Materials
Is Best Seller,Color Black,Best Seller
Is Best Seller,Color White,Best Seller
Is Sustainable Materials,Color Black,Sustainable Materials
Is Best Seller,Color Grey,Best Seller
Is Best Seller,Color Black,Best Seller
Is Best Seller,Color Green,Best Seller
Is Best Seller,Color Orange,Best Seller
Is Sustainable Materials,Color White,Sustainable Materials
Color Blue,,
Color Black,,
Color Brown,,
Color Green,,
Color Brown,,
Color Green,,
Is Sustainable Materials,Color Black,Sustainable Materials
Is Sustainable Materials,Color White,Sustainable Materials
Is Sustainable Materials,Color White,Sustainable Materials
Is Sustainable Materials,Color Black,Sustainable Materials
Is Sustainable Materials,Color Grey,Sustainable Materials
Is Sustainable Materials,Color White,Sustainable Materials
Is Sustainable Materials,Color White,Sustainable Materials
Color Green,,
Is Sustainable Materials,Color Blue,Sustainable Materials
Is Sustainable Materials,Color Grey,Sustainable Materials
Is Sustainable Materials,Color White,Sustainable Materials
Color White,,
Color Orange,,
Is Sustainable Materials,Color White,Sustainable Materials
Is Sustainable Materials,Color Black,Sustainable Materials
Color Yellow,,
Color White,,
Color White,,
Color White,,
Color White,,
Color Brown,,
Color White,,
Color Black,,
Color Grey,,
Color White,,
Color Black,,
Color White,,
Color Purple,,
Color Black,,
Color Purple,,
Color Pink,,
Is Launching in SNKRS,Color Green,Launching in SNKRS
Is Best Seller,Color Orange,Best Seller
Color White,,
Color Black,,
Color Pink,,
Color White,,
Is Member Product,Color Grey,Member Product
Is Member Product,Color Purple,Member Product
Color Black,,
Color Black,,
Color Blue,,
Is Sustainable Materials,Color Black,Sustainable Materials
Is Sustainable Materials,Color Grey,Sustainable Materials
Is Sustainable Materials,Color Blue,Sustainable Materials
Is Sustainable Materials,Color Black,Sustainable Materials
Is Sustainable Materials,Color Red,Sustainable Materials
Color Brown,,
Color White,,
Color Black,,
Color Brown,,
Color Orange,,
Color Grey,,
Color White,,
Is Just In,Color Grey,Just In
Is Just In,Color White,Just In
Is Just In,Color Brown,Just In
Color Grey,,
Color White,,
Color Black,,
Is Sustainable Materials,Color Blue,Sustainable Materials
Is Sustainable Materials,Color Black,Sustainable Materials
Is Sustainable Materials,Color Red,Sustainable Materials
Is Sustainable Materials,Color Black,Sustainable Materials
Is Sustainable Materials,Color Grey,Sustainable Materials
Is Sustainable Materials,Color White,Sustainable Materials
Color Black,,
Color Black,,
Color White,,
Is Sustainable Materials,Color Blue,Sustainable Materials
Is Sustainable Materials,Color Yellow,Sustainable Materials
Color Orange,,
Is Sustainable Materials,Color Black,Sustainable Materials
Is Sustainable Materials,Color Red,Sustainable Materials
Color Green,,
Color Pink,,
Color Grey,,
Color Black,,
Color Grey,,
Color White,,
Color White,,
Color Black,,
Color White,,
Color Grey,,
Is Just In,Color White,Just In
Is Sold Out,Color Brown,Sold Out
Color Green,,
Color Red,,
Color Brown,,
Color Green,,
Color Blue,,
Is Sustainable Materials,Color Blue,Sustainable Materials
Is Sustainable Materials,Color Grey,Sustainable Materials
Is Sustainable Materials,Color Black,Sustainable Materials
Is Sustainable Materials,Color Pink,Sustainable Materials
Color Grey,,
Color Grey,,
Color Blue,,
Color Red,,
Color Black,,
Color Grey,,
Color Black,,
Color White,,
Is Sustainable Materials,Color Black,Sustainable Materials
Color White,,
Color White,,
Color Green,,
Color White,,
Color Green,,
Color Black,,
Color Black,,
Color Grey,,
Color Grey,,
Color Black,,
Is Sustainable Materials,Color White,Sustainable Materials
Is Sustainable Materials,Color Black,Sustainable Materials
Is Sustainable Materials,Color Black,Sustainable Materials
Is Sustainable Materials,Color Blue,Sustainable Materials
Is Sustainable Materials,Color Yellow,Sustainable Materials
Color Orange,,
Is Sustainable Materials,Color Red,Sustainable Materials
Is Sustainable Materials,Color Black,Sustainable Materials
Color Black,,
Is Sustainable Materials,Color Blue,Sustainable Materials
Is Sustainable Materials,Color Yellow,Sustainable Materials
Color Orange,,
Is Sustainable Materials,Color Black,Sustainable Materials
Is Sustainable Materials,Color Red,Sustainable Materials
Color Green,,
Color Grey,,
Is Sustainable Materials,Color Grey,Sustainable Materials
Color Yellow,,
Color White,,
Color Brown,,
Color White,,
Is Sustainable Materials,Color Black,Sustainable Materials
Is Sustainable Materials,Color Black,Sustainable Materials
Color Green,,
Color White,,
Is Member Product,Color White,Member Product
Color White,,
Color Grey,,
Color Black,,
Color White,,
Color Blue,,
Color White,,
Color White,,
Color White,,
Color White,,
Color White,,
Color Grey,,
Color Green,,
Color Grey,,
Color White,,
Color Black,,
Color Grey,,
Color Black,,
Color White,,
Color Black,,
Color Black,,
Is Sustainable Materials,Color Black,Sustainable Materials
Is Sustainable Materials,Color White,Sustainable Materials
Is Sustainable Materials,Color Red,Sustainable Materials
Is Sustainable Materials,Color White,Sustainable Materials
Is Sustainable Materials,Color Red,Sustainable Materials
Color White,,
Color Black,,
Color Red,,
Color Blue,,
Color Grey,,
Color Black,,
Color White,,
Color Grey,,
Color Black,,
Color Yellow,,
Color Red,,
Color Black,,
Color Yellow,,
Color Red,,
Color White,,
Color Black,,
Is Sustainable Materials,Color White,Sustainable Materials
Is Sustainable Materials,Color Blue,Sustainable Materials
Is Sustainable Materials,Color Black,Sustainable Materials
Is Sustainable Materials,Color Red,Sustainable Materials
Color Grey,,
Color Grey,,
Color White,,
Color White,,
Color White,,
Color White,,
Color Black,,
Color Grey,,
Color Black,,
Color White,,
Color White,,
Color White,,
Color White,,
Color White,,
Is Sustainable Materials,Color Black,Sustainable Materials
Color Pink,,
Is Sustainable Materials,Color White,Sustainable Materials
Color White,,
Color Red,,
Color Blue,,
Color Black,,
Color Black,,
Color Black,,
Color Black,,
Color Black,,
Color Black,,
Color Red,,
Color Blue,,
Color White,,
Color Black,,
Is Sustainable Materials,Color Blue,Sustainable Materials
Is Sustainable Materials,Color Yellow,Sustainable Materials
Is Sustainable Materials,Color Black,Sustainable Materials
Is Sustainable Materials,Color Red,Sustainable Materials
Color Blue,,
Is Sustainable Materials,Color Blue,Sustainable Materials
Is Sustainable Materials,Color Grey,Sustainable Materials
Is Sustainable Materials,Color Black,Sustainable Materials
Is Just In,Color Pink,Just In
Color Red,,
Color Yellow,,
Color Grey,,
Color Grey,,
Color Grey,,
Color Black,,
Color Black,,
Color White,,
Color Grey,,
Color Green,,
Color Black,,
Color White,,
Color Blue,,
Color Grey,,
Color Grey,,
Color White,,
Color Black,,
Color Black,,
Color White,,
Color White,,
Color Green,,
Color Black,,
Is Just In,Color Black,Just In
Color White,,
Color Black,,
Is Sustainable Materials,Color Blue,Sustainable Materials
Is Sustainable Materials,Color White,Sustainable Materials
Is Sustainable Materials,Color Grey,Sustainable Materials
Is Sustainable Materials,Color Black,Sustainable Materials
Is Sustainable Materials,Color White,Sustainable Materials
Is Sustainable Materials,Color Black,Sustainable Materials
Is Sustainable Materials,Color White,Sustainable Materials
Is Sustainable Materials,Color Green,Sustainable Materials
Is Sustainable Materials,Color Blue,Sustainable Materials
Color Black,,
Color Grey,,
Color Black,,
Color Brown,,
Color White,,
Color Black,,
Color Black,,
Color White,,
Color White,,
Color White,,
Color Green,,
Is Member Product,Color White,Member Product
Color Black,,
Is Sustainable Materials,Color Blue,Sustainable Materials
Is Sustainable Materials,Color Black,Sustainable Materials
Is Sustainable Materials,Color White,Sustainable Materials
Color Grey,,
Color White,,
Color White,,
Is Just In,Color Grey,Just In
Is Just In,Color Red,Just In
Color White,,
Color Black,,
Color Grey,,
Color Red,,
Color Orange,,
Color Grey,,
Color Brown,,
Color Black,,
Color White,,
Color White,,
Color White,,
Color Grey,,
Color White,,
Color Black,,
Color Black,,
Color Black,,
Color Black,,
Color Black,,
Color White,,
Is Just In,Color Grey,Just In
Color Red,,
Color Green,,
Is Sustainable Materials,Color White,Sustainable Materials
Color Yellow,,
Is Sustainable Materials,Color White,Sustainable Materials
Is Sustainable Materials,Color White,Sustainable Materials
Is Sustainable Materials,Color Blue,Sustainable Materials
Is Sustainable Materials,Color Black,Sustainable Materials
Is Sustainable Materials,Color Black,Sustainable Materials
Color White,,
Color Green,,
Color Blue,,
Color White,,
Color White,,
Color Brown,,
Color Grey,,
Color Brown,,
Color Grey,,
Is Sustainable Materials,Color Green,Sustainable Materials
Is Sustainable Materials,Color Blue,Sustainable Materials
Is Sustainable Materials,Color Blue,Sustainable Materials
Is Sustainable Materials,Color Brown,Sustainable Materials
Is Sustainable Materials,Color White,Sustainable Materials
Is Sustainable Materials,Color Brown,Sustainable Materials
Color Pink,,
Color Black,,
Color Black,,
Color Brown,,
Color White,,
Color Brown,,
Color White,,
Color White,,
Color Brown,,
Color White,,
Is Just In,Color White,Just In
Color Blue,,
Color Grey,,
Color Brown,,
Color Green,,
Color Grey,,
Color Grey,,
Color Grey,,
Color Blue,,
Color White,,
Color White,,
Color Black,,
Color Black,,
Color Black,,
Is Sustainable Materials,Color Black,Sustainable Materials
Is Sustainable Materials,Color Blue,Sustainable Materials
Is Sustainable Materials,Color Blue,Sustainable Materials
Is Sustainable Materials,Color Green,Sustainable Materials
Is Sustainable Materials,Color Blue,Sustainable Materials
Is Sustainable Materials,Color Black,Sustainable Materials
Is Sustainable Materials,Color Blue,Sustainable Materials
Is Sustainable Materials,Color Black,Sustainable Materials
Is Sustainable Materials,Color Green,Sustainable Materials
Is Sustainable Materials,Color Blue,Sustainable Materials
Is Sustainable Materials,Color Grey,Sustainable Materials
Is Sustainable Materials,Color Black,Sustainable Materials
Is Sustainable Materials,Color Green,Sustainable Materials
Color Grey,,
Color White,,
Color Grey,,
Color Black,,
Color White,,
Color Red,,
Is Sustainable Materials,Color Black,Sustainable Materials
Is Sustainable Materials,Color Black,Sustainable Materials
Is Sustainable Materials,Color Black,Sustainable Materials
Is Sustainable Materials,Color Grey,Sustainable Materials
Is Sustainable Materials,Color Blue,Sustainable Materials
Color White,,
Color Green,,
Color White,,
Color Black,,
Color Black,,
Color Blue,,
Color Grey,,
Color Grey,,
Color White,,
Is Sustainable Materials,Color Blue,Sustainable Materials
Color White,,
Color Black,,
Color Brown,,
Color Black,,
Color Grey,,
Is Member Product,Color Yellow,Member Product
Color Blue,,
Color Black,,
Color Grey,,
Color Grey,,
Color White,,
Color Grey,,
Color White,,
Color Black,,
Color White,,
Color Black,,
Color Green,,
Is Sustainable Materials,Color Blue,Sustainable Materials
Is Sustainable Materials,Color Red,Sustainable Materials
Color Black,,
Color White,,
Color Grey,,
Color White,,
Is Sustainable Materials,Color Blue,Sustainable Materials
Is Sustainable Materials,Color Grey,Sustainable Materials
Is Sustainable Materials,Color Black,Sustainable Materials
Color White,,
Is Sustainable Materials,Color Black,Sustainable Materials
Is Sustainable Materials,Color Black,Sustainable Materials
Is Just In,Color Brown,Just In
Color Red,,
Color Black,,
Color White,,
Color Blue,,
Color White,,
Color White,,
Color Black,,
Color Blue,,
Color Pink,,
Color Black,,
Color Black,,
Color Black,,
Color White,,
Color Grey,,
Color Black,,
Color Brown,,
Color Purple,,
Color Brown,,
Color Orange,,
Color Blue,,
Color Green,,
Color Green,,
Color White,,
Color White,,
Color Pink,,
Color White,,
Color Black,,
Color White,,
Color Black,,
Color Blue,,
Color Black,,
Color Black,,
Color White,,
Color Blue,,
Color Grey,,
Color Grey,,
Color Brown,,
Color Black,,
Color Multi-Color,,
Is Sustainable Materials,Color Blue,Sustainable Materials
Is Sustainable Materials,Color Grey,Sustainable Materials
Is Sustainable Materials,Color Black,Sustainable Materials
Is Sustainable Materials,Color Black,Sustainable Materials
Color White,,
Color White,,
Color White,,
Color White,,
Color White,,
Color Black,,
Color Black,,
Color Grey,,
Color White,,
Color White,,
Color White,,
Color White,,
Color Grey,,
Color Brown,,
Color Black,,
Color Brown,,
Color Green,,
Color Green,,
Color Black,,
Color Green,,
Color Grey,,
Color Black,,
Color Grey,,
Color Brown,,
Color Grey,,
Color Grey,,
Color Red,,
Color White,,
Color Grey,,
Color White,,
Color White,,
Color Black,,
Color Blue,,
Is Sustainable Materials,Color Blue,Sustainable Materials
Is Sustainable Materials,Color Grey,Sustainable Materials
Is Just In,Color Pink,Just In
Is Sustainable Materials,Color Black,Sustainable Materials
Is Sustainable Materials,Color Blue,Sustainable Materials
Color Multi-Color,,
Color Brown,,
Color Grey,,
Color Grey,,
Is Sustainable Materials,Color Blue,Sustainable Materials
Is Sustainable Materials,Color Yellow,Sustainable Materials
Color Orange,,
Is Sustainable Materials,Color Black,Sustainable Materials
Is Sustainable Materials,Color Red,Sustainable Materials
Is Sustainable Materials,Color White,Sustainable Materials
Is Sustainable Materials,Color Black,Sustainable Materials
Is Sustainable Materials,Color Black,Sustainable Materials
Is Sustainable Materials,Color Grey,Sustainable Materials
Is Sustainable Materials,Color White,Sustainable Materials
Is Sustainable Materials,Color White,Sustainable Materials
Color White,,
Color White,,
Color White,,
Color Green,,
Color White,,
Color Brown,,
Color Blue,,
Color Orange,,
Color Pink,,
Color White,,
Color Black,,
Color Purple,,
Color White,,
Color Black,,
Color Grey,,
Color Brown,,
Color Grey,,
Color White,,
Color Grey,,
Color Blue,,
Color Grey,,
Color Black,,
Color White,,
Color Grey,,
Color White,,
Color White,,
Color Black,,
Is Sustainable Materials,Color Blue,Sustainable Materials
Is Sustainable Materials,Color Black,Sustainable Materials
Is Just In,Color Pink,Just In
Color Black,,
Color Black,,
Color Black,,
Color Red,,
Color Black,,
Color Grey,,
Color Brown,,
Color Black,,
Color Black,,
Color Grey,,
Is Sustainable Materials,Color Blue,Sustainable Materials
Is Sustainable Materials,Color White,Sustainable Materials
Is Sustainable Materials,Color White,Sustainable Materials
Is Sustainable Materials,Color Black,Sustainable Materials
Is Member Product,Color White,Member Product
Color White,,
Is Sustainable Materials,Color Black,Sustainable Materials
Is Sustainable Materials,Color Black,Sustainable Materials
Is Sustainable Materials,Color White,Sustainable Materials
Is Sustainable Materials,Color White,Sustainable Materials
Color White,,
Is Sustainable Materials,Color Blue,Sustainable Materials
Is Sustainable Materials,Color Grey,Sustainable Materials
Is Sustainable Materials,Color Blue,Sustainable Materials
Is Sustainable Materials,Color Black,Sustainable Materials
Is Sustainable Materials,Color Green,Sustainable Materials
Is Sustainable Materials,Color Blue,Sustainable Materials
Is Sustainable Materials,Color Grey,Sustainable Materials
Is Just In,Color Green,Just In
Is Sustainable Materials,Color Black,Sustainable Materials
Is Best Seller,Color Pink,Best Seller
Is Best Seller,Color White,Best Seller
Is Best Seller,Color Grey,Best Seller
Is Best Seller,Color Blue,Best Seller
Is Best Seller,Color Grey,Best Seller
Is Best Seller,Color Black,Best Seller
Is Best Seller,Color Black,Best Seller
Is Best Seller,Color White,Best Seller
Is Best Seller,Color Green,Best Seller
Is Just In,Color Black,Just In
Is Best Seller,Color White,Best Seller
Is Best Seller,Color Blue,Best Seller
Color Grey,,
Is Member Product,Color White,Member Product
Color White,,
Color Black,,
Color White,,
Color Blue,,
Color White,,
Is Sustainable Materials,Color Blue,Sustainable Materials
Is Sustainable Materials,Color Black,Sustainable Materials
Is Sustainable Materials,Color Green,Sustainable Materials
Color White,,
Color White,,
Color Black,,
Is Sustainable Materials,Color Blue,Sustainable Materials
Is Sustainable Materials,Color Yellow,Sustainable Materials
Is Sustainable Materials,Color Black,Sustainable Materials
Is Sustainable Materials,Color Red,Sustainable Materials
Color White,,
Is Sustainable Materials,Color Blue,Sustainable Materials
Is Sustainable Materials,Color Grey,Sustainable Materials
Is Sustainable Materials,Color Black,Sustainable Materials
Is Sustainable Materials,Color Pink,Sustainable Materials
Is Sustainable Materials,Color Blue,Sustainable Materials
Is Sustainable Materials,Color Yellow,Sustainable Materials
Is Sustainable Materials,Color Black,Sustainable Materials
Is Sustainable Materials,Color Red,Sustainable Materials
Color Grey,,
Color Pink,,
Color Blue,,
Color Red,,
Color White,,
Color Black,,
Color Black,,
Color White,,
Color White,,
Is Just In,Color Black,Just In
Is Just In,Color White,Just In
Is Just In,Color White,Just In
Color Grey,,
Color Blue,,
Is Sustainable Materials,Color Black,Sustainable Materials
Is Sustainable Materials,Color Grey,Sustainable Materials
Is Sustainable Materials,Color Red,Sustainable Materials
Color Grey,,
Color Blue,,
Is Sustainable Materials,Color Blue,Sustainable Materials
Is Sustainable Materials,Color Grey,Sustainable Materials
Is Sustainable Materials,Color Green,Sustainable Materials
Is Sustainable Materials,Color Black,Sustainable Materials
Color White,,
Color White,,
Color White,,
Color White,,
Color Black,,
Color Grey,,
Color White,,
Color Black,,
Color Yellow,,
Is Sustainable Materials,Color Black,Sustainable Materials
Is Sustainable Materials,Color White,Sustainable Materials
Is Sustainable Materials,Color Blue,Sustainable Materials
Is Sustainable Materials,Color White,Sustainable Materials
Is Sustainable Materials,Color Black,Sustainable Materials
Is Sustainable Materials,Color Black,Sustainable Materials
Is Sustainable Materials,Color Blue,Sustainable Materials
Is Sustainable Materials,Color White,Sustainable Materials
Is Sustainable Materials,Color Black,Sustainable Materials
Is Sustainable Materials,Color Blue,Sustainable Materials
Is Sustainable Materials,Color Black,Sustainable Materials
Is Sustainable Materials,Color Grey,Sustainable Materials
Is Sustainable Materials,Color Grey,Sustainable Materials
Color Black,,
Color Green,,
Color White,,
Is Sustainable Materials,Color Blue,Sustainable Materials
Is Sustainable Materials,Color Black,Sustainable Materials
Is Sustainable Materials,Color Green,Sustainable Materials
Color Brown,,
Is Sustainable Materials,Color Black,Sustainable Materials
Is Sustainable Materials,Color Black,Sustainable Materials
Is Sustainable Materials,Color Grey,Sustainable Materials
Is Sustainable Materials,Color Blue,Sustainable Materials
Color Black,,
Color Black,,
Is Member Product,Color White,Member Product
Is Member Product,Color White,Member Product
Color Brown,,
Is Sustainable Materials,Color Grey,Sustainable Materials
Is Sustainable Materials,Color Black,Sustainable Materials
Is Sustainable Materials,Color White,Sustainable Materials
Is Sustainable Materials,Color Blue,Sustainable Materials
Is Sustainable Materials,Color Grey,Sustainable Materials
Is Sustainable Materials,Color Black,Sustainable Materials
Is Sustainable Materials,Color Pink,Sustainable Materials
Is Sustainable Materials,Color Blue,Sustainable Materials
Is Sustainable Materials,Color Yellow,Sustainable Materials
Color Orange,,
Is Sustainable Materials,Color Black,Sustainable Materials
Is Just In,Color Red,Just In
Is Sustainable Materials,Color Blue,Sustainable Materials
Is Sustainable Materials,Color Pink,Sustainable Materials
Is Sustainable Materials,Color Blue,Sustainable Materials
Is Sustainable Materials,Color Grey,Sustainable Materials
Is Sustainable Materials,Color Black,Sustainable Materials
Is Sustainable Materials,Color Pink,Sustainable Materials
Color Brown,,
Color Pink,,
Color White,,
Color White,,
Color White,,
Color White,,
Color Black,,
Color Brown,,
Color Green,,
Is Sustainable Materials,Color Black,Sustainable Materials
Is Sustainable Materials,Color Black,Sustainable Materials
Is Sustainable Materials,Color Pink,Sustainable Materials
Is Sustainable Materials,Color White,Sustainable Materials
Is Sustainable Materials,Color Blue,Sustainable Materials
Is Sustainable Materials,Color Grey,Sustainable Materials
Is Sustainable Materials,Color Black,Sustainable Materials
Is Sustainable Materials,Color Blue,Sustainable Materials
Is Sustainable Materials,Color Grey,Sustainable Materials
Is Sustainable Materials,Color Black,Sustainable Materials
Is Sustainable Materials,Color Green,Sustainable Materials
Color Black,,
Color White,,
Color Black,,
Color Blue,,
Is Sustainable Materials,Color Blue,Sustainable Materials
Is Sustainable Materials,Color Yellow,Sustainable Materials
Is Sustainable Materials,Color Black,Sustainable Materials
Is Sustainable Materials,Color Red,Sustainable Materials
Color Black,,
Is Sustainable Materials,Color Green,Sustainable Materials
Is Sustainable Materials,Color Black,Sustainable Materials
Is Just In,Color Green,Just In
Is Just In,Color Blue,Just In
Color Grey,,
Color Green,,
Color Black,,
Color Grey,,
Color White,,
Is Best Seller,Color White,Best Seller
Is Best Seller,Color Green,Best Seller
Is Best Seller,Color Pink,Best Seller
Is Best Seller,Color Grey,Best Seller
Color Grey,,
Color Grey,,
Color Brown,,
Color Brown,,
Color Black,,
Color Green,,
Color Blue,,
Color Black,,
Color Brown,,
Color White,,
Color Green,,
Color Black,,
Color White,,
Color White,,
Is Sustainable Materials,Color White,Sustainable Materials
Color Black,,
Color Grey,,
Is Sustainable Materials,Color Black,Sustainable Materials
Is Sustainable Materials,Color Grey,Sustainable Materials
Is Sustainable Materials,Color Black,Sustainable Materials
Color White,,
Color Blue,,
Color Brown,,
Color White,,
Is Just In,Color Grey,Just In
Color Grey,,
Color White,,
Color Black,,
Color White,,
Color Black,,
Color Grey,,
Color Black,,
Color White,,
Color White,,
Color White,,
Color White,,
Color Grey,,
Color Black,,
Color White,,
Is Best Seller,Color Black,Best Seller
Is Best Seller,Color Black,Best Seller
Is Best Seller,Color Black,Best Seller
Color Brown,,
Color Black,,
Color Brown,,
Color Grey,,
Color Pink,,
Color Blue,,
Color Pink,,
Is Sustainable Materials,Color Black,Sustainable Materials
Color White,,
Color Green,,
Color Purple,,
Color Grey,,
Color Brown,,
Color Grey,,
Color Black,,
Color White,,
Color Brown,,
Color Black,,
Color Black,,
Color Black,,
Color White,,
Is Just In,Color Grey,Just In
Color Grey,,
Color White,,
Is Sustainable Materials,Color Blue,Sustainable Materials
Color White,,
Color Yellow,,
Is Best Seller,Color Black,Best Seller
Is Best Seller,Color Grey,Best Seller
Is Best Seller,Color Black,Best Seller
Is Best Seller,Color Black,Best Seller
Is Best Seller,Color White,Best Seller
Is Best Seller,Color White,Best Seller
Color White,,
Is Best Seller,Color Grey,Best Seller
Is Best Seller,Color Blue,Best Seller
Is Best Seller,Color White,Best Seller
Is Best Seller,Color Brown,Best Seller
Is Sustainable Materials,Color Black,Sustainable Materials
Is Sustainable Materials,Color White,Sustainable Materials
Is Sustainable Materials,Color Black,Sustainable Materials
Is Sustainable Materials,Color Black,Sustainable Materials
Is Just In,Color Black,Just In
Is Sustainable Materials,Color Grey,Sustainable Materials
Is Sustainable Materials,Color White,Sustainable Materials
Is Sustainable Materials,Color Blue,Sustainable Materials
Color Black,,
Color Black,,
Color White,,
Color White,,
Color White,,
Color White,,
Color Green,,
Color Yellow,,
Color White,,
Is Just In,Color Blue,Just In
Color Black,,
Color White,,
Is Best Seller,Color Blue,Best Seller
Is Best Seller,Color Brown,Best Seller
Is Best Seller,Color Black,Best Seller
Is Best Seller,Color Black,Best Seller
Is Best Seller,Color Grey,Best Seller
Is Best Seller,Color Black,Best Seller
Is Best Seller,Color Blue,Best Seller
Color Black,,
Color Blue,,
Color Grey,,
Color Black,,
Is Just In,Color White,Just In
Is Just In,Color White,Just In
Is Just In,Color Red,Just In
Is Sustainable Materials,Color Black,Sustainable Materials
Is Sustainable Materials,Color Grey,Sustainable Materials
Is Sustainable Materials,Color White,Sustainable Materials
Color Green,,
Color White,,
Color Black,,
Color Black,,
Color Black,,
Color White,,
Color Brown,,
Color Grey,,
Color Black,,
Color Black,,
Color White,,
Color Grey,,
Color Green,,
Color Black,,
Color Brown,,
Color Black,,
Color Grey,,
Color Black,,
Color Grey,,
Color Purple,,
Is Sustainable Materials,Color Black,Sustainable Materials
Is Sustainable Materials,Color Grey,Sustainable Materials
Is Sustainable Materials,Color Grey,Sustainable Materials
Is Sustainable Materials,Color Green,Sustainable Materials
Is Just In,Color Black,Just In
Is Just In,Color Brown,Just In
Is Sustainable Materials,Color Black,Sustainable Materials
Is Sustainable Materials,Color Grey,Sustainable Materials
Is Sustainable Materials,Color White,Sustainable Materials
Is Sustainable Materials,Color Black,Sustainable Materials
Color Black,,
Color Blue,,
Color Purple,,
Color Grey,,
Color Green,,
Color Blue,,
Color Green,,
Color Brown,,
Color Black,,
Color Black,,
Is Sustainable Materials,Color Grey,Sustainable Materials
Is Sustainable Materials,Color White,Sustainable Materials
Is Just In,Color Blue,Just In
Is Sustainable Materials,Color White,Sustainable Materials
Is Sustainable Materials,Color Black,Sustainable Materials
Is Sustainable Materials,Color Black,Sustainable Materials
Is Sustainable Materials,Color White,Sustainable Materials
Color White,,
Color White,,
Color Black,,
Color White,,
Color Red,,
Color Black,,
Color Brown,,
Is Sustainable Materials,Color Grey,Sustainable Materials
Is Sustainable Materials,Color Black,Sustainable Materials
Is Sustainable Materials,Color Grey,Sustainable Materials
Is Sustainable Materials,Color Blue,Sustainable Materials
Color White,,
Is Sustainable Materials,Color White,Sustainable Materials
Color Black,,
Color White,,
Color White,,
Color White,,
Color White,,
Color White,,
Color Black,,
Color White,,
Color Blue,,
Color Brown,,
Color Grey,,
Color Grey,,
Color Blue,,
Color Purple,,
Color Grey,,
Color Black,,
Color Brown,,
Color Grey,,
Color White,,
Color Black,,
Color Grey,,
Color Brown,,
Color White,,
Is Sustainable Materials,Color Grey,Sustainable Materials
Is Sustainable Materials,Color Blue,Sustainable Materials
Is Sustainable Materials,Color Orange,Sustainable Materials
Is Sustainable Materials,Color Black,Sustainable Materials
Is Sustainable Materials,Color Black,Sustainable Materials
Color White,,
Is Sustainable Materials,Color Brown,Sustainable Materials
Is Sustainable Materials,Color White,Sustainable Materials
Is Sustainable Materials,Color White,Sustainable Materials
Is Sustainable Materials,Color Orange,Sustainable Materials
Is Sustainable Materials,Color Black,Sustainable Materials
Is Sustainable Materials,Color White,Sustainable Materials
Is Sustainable Materials,Color Red,Sustainable Materials
Is Sustainable Materials,Color Blue,Sustainable Materials
Is Sustainable Materials,Color White,Sustainable Materials
Is Sustainable Materials,Color Grey,Sustainable Materials
Is Sustainable Materials,Color Orange,Sustainable Materials
Is Sustainable Materials,Color Black,Sustainable Materials
Is Sustainable Materials,Color Blue,Sustainable Materials
Color Blue,,
Color White,,
Color Black,,
Is Just In,Color Blue,Just In
Color Grey,,
Is Best Seller,Color Grey,Best Seller
Is Best Seller,Color Grey,Best Seller
Is Best Seller,Color Green,Best Seller
Is Best Seller,Color White,Best Seller
Is Best Seller,Color Red,Best Seller
Is Best Seller,Color Blue,Best Seller
Is Best Seller,Color Black,Best Seller
Is Best Seller,Color Grey,Best Seller
Is Best Seller,Color Black,Best Seller
Is Best Seller,Color Grey,Best Seller
Is Best Seller,Color White,Best Seller
Is Best Seller,Color Black,Best Seller
Is Best Seller,Color Green,Best Seller
Is Best Seller,Color Green,Best Seller
Is Best Seller,Color Blue,Best Seller
Is Best Seller,Color White,Best Seller
Is Just In,Color Purple,Just In
Is Best Seller,Color Black,Best Seller
Is Best Seller,Color Black,Best Seller
Color Black,,
Color Orange,,
Color Brown,,
Color Orange,,
Color Brown,,
Color Grey,,
Is Sustainable Materials,Color Grey,Sustainable Materials
Is Sustainable Materials,Color Black,Sustainable Materials
Is Sustainable Materials,Color Black,Sustainable Materials
Is Sustainable Materials,Color White,Sustainable Materials
Color Brown,,
Color White,,
Is Just In,Color Purple,Just In
Is Sustainable Materials,Color Yellow,Sustainable Materials
Is Sustainable Materials,Color Black,Sustainable Materials
Is Sustainable Materials,Color Red,Sustainable Materials
Color Green,,
Color Orange,,
Is Sustainable Materials,Color Yellow,Sustainable Materials
Is Sustainable Materials,Color Black,Sustainable Materials
Is Just In,Color Red,Just In
Color Green,,
Color Black,,
Color Brown,,
Color Green,,
Is Sustainable Materials,Color Grey,Sustainable Materials
Is Sustainable Materials,Color Pink,Sustainable Materials
Is Sustainable Materials,Color Brown,Sustainable Materials
Color Blue,,
Color Black,,
Is Sustainable Materials,Color Green,Sustainable Materials
Is Sustainable Materials,Color Black,Sustainable Materials
Is Sustainable Materials,Color White,Sustainable Materials
Is Sustainable Materials,Color Brown,Sustainable Materials
Is Sustainable Materials,Color Blue,Sustainable Materials
Is Sustainable Materials,Color Black,Sustainable Materials
Is Sustainable Materials,Color Black,Sustainable Materials
Is Sustainable Materials,Color Grey,Sustainable Materials
Is Sustainable Materials,Color Grey,Sustainable Materials
Is Sustainable Materials,Color White,Sustainable Materials
Is Sustainable Materials,Color White,Sustainable Materials
Color Black,,
Is Just In,Color Grey,Just In
Is Sustainable Materials,Color White,Sustainable Materials
Color White,,
Color White,,
Color White,,
Color Black,,
Color Black,,
Color Green,,
Color Black,,
Color White,,
Is Just In,Color Brown,Just In
Color Grey,,
Color Blue,,
Color Grey,,
Color Black,,
Color Black,,
Color Grey,,
Color White,,
Color White,,
Color White,,
Color White,,
Color White,,
Color White,,
Color Black,,
Color Black,,
Color Grey,,
Color Blue,,
Color Black,,
Color Green,,
Color Black,,
Color Green,,
Color Red,,
Color Red,,
Color Blue,,
Color Grey,,
Color Black,,
Color Purple,,
Color Black,,
Color Blue,,
Color Green,,
Color Blue,,
Color Red,,
Color Red,,
Color Blue,,
Color Purple,,
Color Green,,
Color Blue,,
Color Black,,
Color Red,,
Color Blue,,
Color Red,,
Color Black,,
Color Red,,
Color Green,,
Color Black,,
Color Blue,,
Color Blue,,
Color Red,,
Color Black,,
Color Orange,,
Color Orange,,
Color Blue,,
Color Blue,,
Color Blue,,
Color Red,,
Color Orange,,
Color Red,,
Color Blue,,
Color Black,,
Color Grey,,
Color White,,
Color Black,,
Color Black,,
Color White,,
Is Just In,Color White,Just In
Color Grey,,
Color Black,,
Color Black,,
Color Brown,,
Color Brown,,
Color Brown,,
Color Brown,,
Color Brown,,
Color Blue,,
Color Black,,
Color White,,
Color Purple,,
Is Sustainable Materials,Color Yellow,Sustainable Materials
Is Sustainable Materials,Color Red,Sustainable Materials
Is Sustainable Materials,Color Black,Sustainable Materials
Is Sustainable Materials,Color White,Sustainable Materials
Color Red,,
Is Best Seller,Color Black,Best Seller
Is Best Seller,Color Black,Best Seller
Is Best Seller,Color Grey,Best Seller
Is Best Seller,Color White,Best Seller
Color White,,
Color Blue,,
Color Brown,,
Is Best Seller,Color Green,Best Seller
Color Grey,,
Color Brown,,
Color White,,
Is Member Product,Color Grey,Member Product
Is Best Seller,Color Blue,Best Seller
Color Brown,,
Is Sustainable Materials,Color Grey,Sustainable Materials
Is Sustainable Materials,Color Grey,Sustainable Materials
Is Sustainable Materials,Color Yellow,Sustainable Materials
Is Sustainable Materials,Color Green,Sustainable Materials
Color Brown,,
Is Member Product,Color White,Member Product
Color Green,,
Color Multi-Color,,
Color White,,
Color Grey,,
Color Blue,,
Is Available in SNKRS,Color Multi-Color,Available in SNKRS
Is Available in SNKRS,Color Brown,Available in SNKRS
Is Just In,Color White,Just In
Color White,,
Is Just In,Color Black,Just In
Is Just In,Color Blue,Just In
Is Just In,Color Yellow,Just In
Color White,,
Color Black,,
Color White,,
Color Black,,
Is Sustainable Materials,Color White,Sustainable Materials
Is Sustainable Materials,Color White,Sustainable Materials
Is Sustainable Materials,Color Black,Sustainable Materials
Is Sustainable Materials,Color Black,Sustainable Materials
Is Sustainable Materials,Color White,Sustainable Materials
Is Sustainable Materials,Color White,Sustainable Materials
Is Sustainable Materials,Color White,Sustainable Materials
Is Sustainable Materials,Color Black,Sustainable Materials
Is Sustainable Materials,Color Blue,Sustainable Materials
Is Sustainable Materials,Color Black,Sustainable Materials
Color Black,,
Color Brown,,
Color Green,,
Color Black,,
Is Just In,Color Green,Just In
Color Black,,
Is Just In,Color Blue,Just In
Is Just In,Color Blue,Just In
Color Brown,,
Color Multi-Color,,
Color White,,
Color White,,
Color Blue,,
Color Black,,
Color White,,
Color Black,,
Color White,,
Color Red,,
Color Blue,,
Color Pink,,
Color Grey,,
Is Just In,Color White,Just In
Is Just In,Color Grey,Just In
Is Just In,Color Black,Just In
Is Just In,Color Black,Just In
Is Best Seller,Color White,Best Seller
Is Best Seller,Color White,Best Seller
Is Best Seller,Color Black,Best Seller
Is Just In,Color Brown,Just In
Is Best Seller,Color Black,Best Seller
Is Best Seller,Color White,Best Seller
Is Just In,Color Black,Just In
Is Just In,Color White,Just In
Is Best Seller,Color Black,Best Seller
Is Best Seller,Color Black,Best Seller
Is Best Seller,Color Black,Best Seller
Is Best Seller,Color Blue,Best Seller
Color Black,,
Color Grey,,
Color Black,,
Color White,,
Is Best Seller,Color Black,Best Seller
Is Best Seller,Color White,Best Seller
Is Best Seller,Color White,Best Seller
Is Sustainable Materials,Color Black,Sustainable Materials
Color Black,,
Color Black,,
Color Black,,
Color Grey,,
Is Just In,Color Grey,Just In
Color Black,,
Color Black,,
Color Grey,,
Is Sustainable Materials,Color White,Sustainable Materials
Is Sustainable Materials,Color Black,Sustainable Materials
Is Sustainable Materials,Color Black,Sustainable Materials
Is Sustainable Materials,Color Red,Sustainable Materials
Is Sustainable Materials,Color White,Sustainable Materials
Color Black,,
Color Blue,,
Color White,,
Color Red,,
Color Grey,,
Color White,,
Color Black,,
Color White,,
Color White,,
Is Launching in SNKRS,Color Brown,Launching in SNKRS
Is Launching in SNKRS,Color Green,Launching in SNKRS
Is Launching in SNKRS,Color Blue,Launching in SNKRS
Color Grey,,
Color Black,,
Color Brown,,
Color Brown,,
Is Sustainable Materials,Color Black,Sustainable Materials
Is Sustainable Materials,Color White,Sustainable Materials
Is Sustainable Materials,Color Black,Sustainable Materials
Is Sustainable Materials,Color White,Sustainable Materials
Is Sustainable Materials,Color Green,Sustainable Materials
Color Black,,
Color Brown,,
Color White,,
Color Red,,
Color Black,,
Is Sustainable Materials,Color White,Sustainable Materials
Is Sustainable Materials,Color White,Sustainable Materials
Is Sustainable Materials,Color Black,Sustainable Materials
Is Sustainable Materials,Color Black,Sustainable Materials
Is Sustainable Materials,Color Black,Sustainable Materials
Is Just In,Color White,Just In
Is Sustainable Materials,Color Green,Sustainable Materials
Color White,,
Color Black,,
Color Red,,
Color Blue,,
Color Black,,
Color Black,,
Color White,,
Color White,,
Color White,,
Color Black,,
Color Black,,
Color White,,
Color White,,
Color White,,
Color Black,,
Is Best Seller,Color Black,Best Seller
Color Blue,,
Is Best Seller,Color White,Best Seller
Is Best Seller,Color Black,Best Seller
Is Best Seller,Color White,Best Seller
Color White,,
Color Black,,
Is Sustainable Materials,Color White,Sustainable Materials
Is Sustainable Materials,Color White,Sustainable Materials
Color Grey,,
Color Black,,
Color White,,
Color Yellow,,
Color White,,
Color Brown,,
Is Just In,Color Brown,Just In
Color Black,,
Color White,,
Is Best Seller,Color Black,Best Seller
Is Best Seller,Color White,Best Seller
Is Best Seller,Color Black,Best Seller
Color White,,
Is Best Seller,Color Grey,Best Seller
Color Yellow,,
Is Sustainable Materials,Color White,Sustainable Materials
Is Sustainable Materials,Color White,Sustainable Materials
Color White,,
Is Sustainable Materials,Color Black,Sustainable Materials
Color Grey,,
Is Sustainable Materials,Color White,Sustainable Materials
Is Sustainable Materials,Color White,Sustainable Materials
Color Black,,
Color White,,
Color White,,
Color Black,,
Color Black,,
Color White,,
Color Black,,
Color Brown,,
Color White,,
Color Grey,,
Color Black,,
Color White,,
Color Black,,
Color White,,
Color Black,,
Color Grey,,
Color Black,,
Color White,,
Color Black,,
Color White,,
Color White,,
Color White,,
Is Best Seller,Color Black,Best Seller
Is Best Seller,Color White,Best Seller
Is Best Seller,Color Black,Best Seller
Is Best Seller,Color Black,Best Seller
Is Best Seller,Color Black,Best Seller
Is Best Seller,Color Black,Best Seller
Is Best Seller,Color White,Best Seller
Color Grey,,
Color White,,
Color Black,,
Color Black,,
Color Black,,
Color Brown,,
Is Sustainable Materials,Color White,Sustainable Materials
Color Black,,
Color Pink,,
Color White,,
Color Red,,
Color Black,,
Color Red,,
Color Black,,
Color White,,
Color Black,,
Color Black,,
Color Green,,
Color Blue,,
Color White,,
Color Blue,,
Color Black,,
Color Red,,
Is Member Product,Color White,Member Product
Color Grey,,
Color White,,
Color Grey,,
Color White,,
Color Black,,
Is Sustainable Materials,Color Black,Sustainable Materials
Is Sustainable Materials,Color Black,Sustainable Materials
Is Launching in SNKRS,Color Brown,Launching in SNKRS
Is Launching in SNKRS,Color White,Launching in SNKRS
Is Launching in SNKRS,Color White,Launching in SNKRS
Is Sustainable Materials,Color Black,Sustainable Materials
Is Sustainable Materials,Color White,Sustainable Materials
Is Sustainable Materials,Color White,Sustainable Materials
Color Black,,
Color Grey,,
Is Best Seller,Color Black,Best Seller
Is Best Seller,Color Blue,Best Seller
Is Best Seller,Color Red,Best Seller
Color Green,,
Is Best Seller,Color Blue,Best Seller
Is Best Seller,Color Grey,Best Seller
Is Best Seller,Color Black,Best Seller
Is Best Seller,Color White,Best Seller
Is Best Seller,Color Red,Best Seller
Color White,,
Is Best Seller,Color White,Best Seller
Is Best Seller,Color White,Best Seller
Is Best Seller,Color White,Best Seller
Is Best Seller,Color White,Best Seller
Is Available in SNKRS,Color Brown,Available in SNKRS
Color Brown,,
Is Just In,Color Blue,Just In
Color White,,
Color Black,,
Color Blue,,
Color Green,,
Color White,,
Color White,,
Color Black,,
Color White,,
Color Red,,
Color Brown,,
Color Black,,
Color Red,,
Color Orange,,
Is Sustainable Materials,Color White,Sustainable Materials
Is Sustainable Materials,Color Black,Sustainable Materials
Color Black,,
Color Blue,,
Color Green,,
Color Black,,
Color Blue,,
Color Green,,
Color White,,
Color Black,,
Color Orange,,
Is Just In,Color Blue,Just In
Is Just In,Color White,Just In
Color Blue,,
Color Black,,
Color Grey,,
Color Black,,
Color White,,
Color White,,
Color White,,
Is Best Seller,Color Blue,Best Seller
Is Best Seller,Color Red,Best Seller
Is Best Seller,Color Black,Best Seller
Is Best Seller,Color Grey,Best Seller
Color Yellow,,
Color Multi-Color,,
Color Red,,
Is Sustainable Materials,Color Black,Sustainable Materials
Is Sustainable Materials,Color Blue,Sustainable Materials
Is Sustainable Materials,Color Pink,Sustainable Materials
Is Coming Soon,Color White,Coming Soon
Color White,,
Color Blue,,
Color Brown,,
Is Available in SNKRS,Color Brown,Available in SNKRS
Is Best Seller,Color Brown,Best Seller
Is Best Seller,Color Black,Best Seller
Color Blue,,
Color Black,,
Color Black,,
Color Blue,,
Color White,,
Color White,,
Is Sustainable Materials,Color Blue,Sustainable Materials
Is Sustainable Materials,Color Black,Sustainable Materials
Is Sustainable Materials,Color Red,Sustainable Materials
Color Orange,,
Color Green,,
Color White,,
Color Grey,,
Color White,,
Color Multi-Color,,
Is Sustainable Materials,Color Blue,Sustainable Materials
Is Sustainable Materials,Color Black,Sustainable Materials
Is Sustainable Materials,Color Pink,Sustainable Materials
Color Brown,,
Is Best Seller,Color Grey,Best Seller
Is Best Seller,Color White,Best Seller
Is Best Seller,Color Black,Best Seller
Is Best Seller,Color Red,Best Seller
Color Black,,
Color Black,,
Color Grey,,
Color Grey,,
Color Black,,
Color Red,,
Color White,,
Color Black,,
Color Red,,
Is Sustainable Materials,Color Black,Sustainable Materials
Is Sustainable Materials,Color White,Sustainable Materials
Is Sustainable Materials,Color Blue,Sustainable Materials
Color Brown,,
Color Brown,,
Color White,,
Color Black,,
Color White,,
Color Multi-Color,,
Color White,,
Color Black,,
Is Just In,Color Black,Just In
Is Just In,Color Black,Just In
Is Just In,Color Black,Just In
Is Best Seller,Color White,Best Seller
Is Just In,Color Grey,Just In
Is Sustainable Materials,Color Orange,Sustainable Materials
Is Just In,Color Pink,Just In
Color White,,
Color Green,,
Color Black,,
Is Just In,Color Grey,Just In
Is Sustainable Materials,Color Black,Sustainable Materials
Is Just In,Color White,Just In
Is Best Seller,Color Grey,Best Seller
Is Best Seller,Color White,Best Seller
Color Brown,,
Is Just In,Color Blue,Just In
Is Just In,Color Pink,Just In
Is Just In,Color Pink,Just In
Is Just In,Color Grey,Just In
Is Just In,Color White,Just In
Color Blue,,
Is Just In,Color White,Just In
Is Just In,Color Grey,Just In
Color Black,,
Is Sustainable Materials,Color White,Sustainable Materials
Color Black,,
Color White,,
Color Brown,,
Is Coming Soon,Color Brown,Coming Soon
Is Just In,Color Pink,Just In
Is Coming Soon,Color Grey,Coming Soon
Is Just In,Color White,Just In
Is Customize,Color Black,Customize
Is Customize,Color Pink,Customize
Is Customize,Color Blue,Customize
Is Customize,Color Blue,Customize
Is Customize,Color White,Customize
Is Just In,Color Black,Just In
Is Customize,Color Black,Customize
Is Customize,Color White,Customize
Is Customize,Color Blue,Customize
Is Customize,Color Black,Customize
Is Customize,Color Blue,Customize
Is Just In,Color White,Just In
Is Available in SNKRS,Color Black,Available in SNKRS
Is Just In,Color Black,Just In
Color Grey,,
Color Blue,,
Is Just In,Color Pink,Just In
Is Best Seller,Color White,Best Seller
Is Best Seller,Color Red,Best Seller
Is Just In,Color Pink,Just In
Is Best Seller,Color White,Best Seller
Is Best Seller,Color Red,Best Seller
Is Just In,Color Green,Just In
Is Best Seller,Color White,Best Seller
Is Best Seller,Color Grey,Best Seller
Is Best Seller,Color Green,Best Seller
Is Coming Soon,Color Black,Coming Soon
Is Launching in SNKRS,Color Black,Launching in SNKRS
Is Just In,Color Black,Just In
Color Green,,
Color Purple,,
Is Just In,Color White,Just In
Is Just In,Color White,Just In
Is Just In,Color White,Just In
Is Available in SNKRS,Color Blue,Available in SNKRS
Is Available in SNKRS,Color Black,Available in SNKRS
Is Customize,Color Black,Customize
Is Customize,Color Blue,Customize
Is Customize,Color Black,Customize
Is Customize,Color White,Customize
Is Customize,Color Blue,Customize
Is Customize,Color Black,Customize
Is Customize,Color Black,Customize
Is Customize,Color White,Customize
Is Customize,Color Blue,Customize
Is Customize,Color Blue,Customize
Is Customize,Color Pink,Customize
Is Customize,Color Blue,Customize
Is Customize,Color White,Customize
Is Customize,Color Black,Customize
Is Customize,Color Black,Customize
Is Customize,Color Black,Customize
Is Customize,Color Blue,Customize
Is Customize,Color Blue,Customize
Is Customize,Color White,Customize
Is Customize,Color Blue,Customize
Is Customize,Color Pink,Customize
Is Customize,Color Black,Customize
Is Customize,Color Blue,Customize
Is Customize,Color Blue,Customize
Is Customize,Color White,Customize
Is Customize,Color Pink,Customize
Is Customize,Color Blue,Customize
Is Customize,Color Black,Customize
Is Customize,Color Blue,Customize
Is Customize,Color White,Customize
Is Customize,Color Black,Customize
Is Customize,Color Black,Customize
Is Sustainable Materials,Color Green,Sustainable Materials
Is Sustainable Materials,Color Black,Sustainable Materials
Is Sustainable Materials,Color White,Sustainable Materials
Is Sustainable Materials,Color Black,Sustainable Materials
Is Sustainable Materials,Color White,Sustainable Materials
Is Customize,Color Black,Customize
Is Customize,Color White,Customize
Is Customize,Color White,Customize
Is Customize,Color Green,Customize
Is Customize,Color Black,Customize
Is Customize,Color White,Customize
Is Customize,Color Blue,Customize
Is Customize,Color Red,Customize
Is Customize,Color Black,Customize
Is Customize,Color Pink,Customize
Is Customize,Color White,Customize
Is Customize,Color White,Customize
Is Customize,Color Black,Customize
Is Customize,Color Grey,Customize
Is Customize,Color Green,Customize
Is Customize,Color Black,Customize
Is Customize,Color White,Customize
Is Customize,Color White,Customize
Is Customize,Color Red,Customize
Is Customize,Color Blue,Customize
Is Available in SNKRS,Color Brown,Available in SNKRS
Color Green,,
Is Customize,Color Blue,Customize
Is Customize,Color Grey,Customize
Is Customize,Color White,Customize
Is Customize,Color Red,Customize
Is Customize,Color White,Customize
Is Customize,Color White,Customize
Is Customize,Color Brown,Customize
Is Customize,Color Grey,Customize
Is Customize,Color White,Customize
Is Customize,Color Pink,Customize
Is Customize,Color Grey,Customize
Is Customize,Color Red,Customize
Is Customize,Color Red,Customize
Is Customize,Color White,Customize
Is Customize,Color Black,Customize
Is Best Seller,Color Black,Best Seller
Is Best Seller,Color Black,Best Seller
Is Best Seller,Color White,Best Seller
Is Best Seller,Color White,Best Seller
Is Best Seller,Color Black,Best Seller
Is Best Seller,Color Blue,Best Seller
Color Green,,
Color Green,,
Color Green,,
Color Black,,
Color White,,
Color Black,,
Color White,,
Color White,,
Color Blue,,
Is Launching in SNKRS,Color Blue,Launching in SNKRS
Color Brown,,
Color White,,
Color Grey,,
Color Blue,,
Color White,,
Color White,,
Color Black,,
Color White,,
Color White,,
Color White,,
Color Grey,,
Color White,,
Is Best Seller,Color Grey,Best Seller
Is Best Seller,Color Black,Best Seller
Color Black,,
Is Sustainable Materials,Color Blue,Sustainable Materials
Color Red,,
Color Blue,,
Color Brown,,
Color Brown,,
Is Customize,Color Green,Customize
Color Pink,,
Color Black,,
Color White,,
Color White,,
Color Red,,
Is Sustainable Materials,Color Grey,Sustainable Materials
Is Sustainable Materials,Color Grey,Sustainable Materials
Is Available in SNKRS,Color Black,Available in SNKRS
Is Available in SNKRS,Color Brown,Available in SNKRS
Is Available in SNKRS,Color Grey,Available in SNKRS
Color Black,,
Color White,,
Is Best Seller,Color Grey,Best Seller
Is Best Seller,Color Black,Best Seller
Is Best Seller,Color Blue,Best Seller
Is Best Seller,Color Grey,Best Seller
Is Best Seller,Color Brown,Best Seller
Color Green,,
Color Brown,,
Color Grey,,
Color Brown,,
Is Sustainable Materials,Color Black,Sustainable Materials
Is Sustainable Materials,Color Blue,Sustainable Materials
Color Black,,
Color Grey,,
Color White,,
Is Available in SNKRS,Color Black,Available in SNKRS
Is Available in SNKRS,Color White,Available in SNKRS
Color Grey,,
Color White,,
Color Red,,
Is Available in SNKRS,Color Grey,Available in SNKRS
Is Available in SNKRS,Color Blue,Available in SNKRS
Is Available in SNKRS,Color White,Available in SNKRS
Is Available in SNKRS,Color Purple,Available in SNKRS
Is Available in SNKRS,Color Yellow,Available in SNKRS
Color Black,,
Color White,,
Color Grey,,
Color Green,,
Color White,,
Color White,,
Color Black,,
Is Customize,Color Pink,Customize
Is Customize,Color Black,Customize
Is Customize,Color Brown,Customize
Is Customize,Color Blue,Customize
Is Customize,Color Grey,Customize
Is Customize,Color Pink,Customize
Is Customize,Color Blue,Customize
Is Customize,Color White,Customize
Is Customize,Color Black,Customize
Is Customize,Color Black,Customize
Is Customize,Color White,Customize
Is Customize,Color White,Customize
Is Customize,Color Blue,Customize
Is Customize,Color Pink,Customize
Is Customize,Color White,Customize
Is Customize,Color Orange,Customize
Is Customize,Color White,Customize
Is Customize,Color Grey,Customize
Is Customize,Color Pink,Customize
Is Customize,Color Blue,Customize
Is Customize,Color Blue,Customize
Is Customize,Color White,Customize
Is Customize,Color Red,Customize
Is Customize,Color Black,Customize
Is Customize,Color Pink,Customize
Is Available in SNKRS,Color Brown,Available in SNKRS
Is Available in SNKRS,Color Grey,Available in SNKRS
Is Available in SNKRS,Color Purple,Available in SNKRS
Color Black,,
Is Customize,Color Green,Customize
Is Customize,Color Black,Customize
Is Customize,Color Red,Customize
Is Customize,Color White,Customize
Is Customize,Color White,Customize
Is Customize,Color Grey,Customize
Is Customize,Color Red,Customize
Is Customize,Color Blue,Customize
Is Customize,Color White,Customize
Is Customize,Color White,Customize
Is Customize,Color White,Customize
Is Customize,Color White,Customize
Is Customize,Color Black,Customize
Is Customize,Color Grey,Customize
Is Customize,Color Blue,Customize
Is Customize,Color Blue,Customize
Is Customize,Color Red,Customize
Is Customize,Color Yellow,Customize
Is Customize,Color Grey,Customize
Is Customize,Color Yellow,Customize
Is Customize,Color White,Customize
Is Customize,Color Black,Customize
Is Customize,Color Red,Customize
Is Customize,Color Pink,Customize
Is Customize,Color Grey,Customize
Is Customize,Color Green,Customize
Is Customize,Color Cream,Customize
Is Customize,Color Black,Customize
Is Customize,Color Blue,Customize
Is Customize,Color Green,Customize
Is Customize,Color White,Customize
Is Customize,Color White,Customize
Is Customize,Color Orange,Customize
Is Customize,Color Orange,Customize
Is Customize,Color Orange,Customize
Is Customize,Color Green,Customize
Is Customize,Color Black,Customize
Is Customize,Color White,Customize
Is Customize,Color White,Customize
Is Customize,Color White,Customize
Is Customize,Color Blue,Customize
Is Customize,Color White,Customize
Is Customize,Color Black,Customize
Is Customize,Color White,Customize
Is Customize,Color Green,Customize
Is Customize,Color Black,Customize
Is Customize,Color Black,Customize
Is Customize,Color Pink,Customize
Is Customize,Color Blue,Customize
Is Customize,Color Grey,Customize
Is Customize,Color Green,Customize
Is Customize,Color Blue,Customize
Is Customize,Color Black,Customize
Is Customize,Color Black,Customize
Is Customize,Color White,Customize
Is Customize,Color Red,Customize
Is Customize,Color Blue,Customize
Is Customize,Color Red,Customize
Is Customize,Color Purple,Customize
Is Customize,Color White,Customize
Is Customize,Color Grey,Customize
Is Customize,Color Black,Customize
Is Customize,Color White,Customize
Is Customize,Color White,Customize
Is Customize,Color White,Customize
Is Customize,Color Black,Customize
Is Customize,Color White,Customize
Is Customize,Color White,Customize
Is Customize,Color White,Customize
Is Customize,Color Black,Customize
Is Customize,Color Blue,Customize
Is Customize,Color Blue,Customize
Is Customize,Color White,Customize
Is Customize,Color Red,Customize
Is Customize,Color Red,Customize
Is Customize,Color White,Customize
Is Customize,Color Green,Customize
Is Customize,Color Black,Customize
Is Customize,Color Blue,Customize
Is Customize,Color White,Customize
Is Customize,Color Black,Customize
Is Customize,Color White,Customize
Is Customize,Color White,Customize
Is Customize,Color Black,Customize
Is Customize,Color White,Customize
Is Customize,Color White,Customize
Is Customize,Color Grey,Customize
Is Customize,Color Green,Customize
Is Customize,Color Blue,Customize
Is Customize,Color White,Customize
Is Customize,Color Black,Customize
Is Customize,Color Red,Customize
Is Customize,Color White,Customize
Is Customize,Color Blue,Customize
Is Customize,Color White,Customize
Is Customize,Color Green,Customize
Is Customize,Color White,Customize
Is Customize,Color Red,Customize
Is Customize,Color Black,Customize
Is Customize,Color White,Customize
Is Customize,Color Blue,Customize
Is Customize,Color Brown,Customize
Is Customize,Color Pink,Customize
Is Customize,Color Yellow,Customize
Is Customize,Color White,Customize
Is Customize,Color White,Customize
Is Customize,Color Green,Customize
Is Customize,Color Blue,Customize
Is Customize,Color Black,Customize
Is Customize,Color Black,Customize
Is Customize,Color Black,Customize
Is Customize,Color Pink,Customize
Is Customize,Color Black,Customize
Is Customize,Color White,Customize
Is Customize,Color Yellow,Customize
Is Customize,Color Pink,Customize
Is Customize,Color White,Customize
Is Customize,Color Yellow,Customize
Is Customize,Color Green,Customize
Is Customize,Color Red,Customize
Is Customize,Color Black,Customize
Is Customize,Color Yellow,Customize
Is Customize,Color Black,Customize
Is Customize,Color Black,Customize
Is Customize,Color Pink,Customize
Is Customize,Color Pink,Customize
Is Customize,Color Blue,Customize
Is Customize,Color Blue,Customize
Is Customize,Color Orange,Customize
Is Customize,Color Green,Customize
Is Customize,Color Orange,Customize
Is Customize,Color Green,Customize
Is Customize,Color White,Customize
Is Customize,Color Black,Customize
Is Customize,Color Blue,Customize
Is Customize,Color White,Customize
Is Customize,Color White,Customize
Is Customize,Color Black,Customize
Is Customize,Color Yellow,Customize
Is Customize,Color Red,Customize
Is Customize,Color Blue,Customize
Is Customize,Color Pink,Customize
Is Customize,Color White,Customize
Is Customize,Color White,Customize
Is Customize,Color Pink,Customize
Is Customize,Color Black,Customize
Is Customize,Color Blue,Customize
Is Customize,Color Red,Customize
Is Customize,Color Red,Customize
Is Customize,Color Pink,Customize
Is Customize,Color White,Customize
Is Customize,Color Black,Customize
Is Customize,Color White,Customize
Is Customize,Color Black,Customize
Is Customize,Color White,Customize
Is Customize,Color White,Customize
Is Customize,Color White,Customize
Is Customize,Color Black,Customize
Is Customize,Color Khaki,Customize
Is Customize,Color Black,Customize
Is Customize,Color Black,Customize
Is Customize,Color Green,Customize
Is Customize,Color Black,Customize
Is Customize,Color Black,Customize
Is Customize,Color Black,Customize
Is Customize,Color Black,Customize
Is Customize,Color White,Customize
Is Customize,Color White,Customize
Is Customize,Color Black,Customize
Is Customize,Color Blue,Customize
Is Customize,Color Brown,Customize
Color White,,
Color White,,
Color White,,
Is Customize,Color White,Customize
Is Customize,Color Black,Customize
Is Customize,Color Pink,Customize
Is Customize,Color Green,Customize
Is Customize,Color Pink,Customize
Is Customize,Color Green,Customize
Is Customize,Color Pink,Customize
Is Customize,Color White,Customize
Is Customize,Color Purple,Customize
Is Customize,Color Black,Customize
Is Customize,Color Red,Customize
Is Customize,Color White,Customize
Is Customize,Color Blue,Customize
Is Customize,Color White,Customize
Is Customize,Color Black,Customize
Is Customize,Color Blue,Customize
Is Customize,Color Grey,Customize
Is Customize,Color Blue,Customize
Is Customize,Color Pink,Customize
Is Customize,Color White,Customize
Is Customize,Color Black,Customize
Is Customize,Color White,Customize
Is Customize,Color Red,Customize
Is Customize,Color White,Customize
Is Customize,Color Black,Customize
Is Customize,Color White,Customize
Is Customize,Color Black,Customize
Is Customize,Color Grey,Customize
Is Customize,Color Green,Customize
Is Customize,Color Pink,Customize
Is Customize,Color White,Customize
Color Brown,,
Is Customize,Color Grey,Customize
Is Customize,Color Black,Customize
Is Customize,Color Blue,Customize
Is Customize,Color White,Customize
Is Customize,Color Pink,Customize
Is Customize,Color Pink,Customize
Color Black,,
Is Customize,Color White,Customize
Is Customize,Color White,Customize
Is Customize,Color Pink,Customize
Is Customize,Color Pink,Customize
Color Grey,,
Color Green,,
Color Black,,
Color Black,,
Color Brown,,
Color Blue,,
Color Brown,,
Color White,,
Color Black,,
Color Black,,
Color White,,
Color Black,,
Color Black,,
Color Brown,,
Color Multi-Color,,
Color Black,,
Color Grey,,
Color White,,
Color White,,
Color White,,
Color White,,
Color White,,
Color Red,,
Color White,,
Color Red,,
Is Available in SNKRS,Color Black,Available in SNKRS
Color Black,,
Color White,,
Color White,,
Color White,,
Color Black,,
Color White,,
Color White,,
Color White,,
Color White,,
Is Best Seller,Color White,Best Seller
Is Best Seller,Color Red,Best Seller
Color White,,
Color Yellow,,
Color White,,
Is Sustainable Materials,Color Black,Sustainable Materials
Is Sustainable Materials,Color Grey,Sustainable Materials
Is Sustainable Materials,Color Grey,Sustainable Materials
Is Sustainable Materials,Color White,Sustainable Materials
Color Black,,
Color White,,
Color White,,
Color White,,
Color Black,,
Color Blue,,
Color Brown,,
Color Grey,,
Color Blue,,
Color White,,
Color Black,,
Color Blue,,
Color Black,,
Color Grey,,
Color White,,
Color White,,
Color White,,
Color White,,
Color Grey,,
Color Green,,
Color Green,,
Color Black,,
Color White,,
Color Black,,
Color White,,
Color Grey,,
Color Grey,,
Color White,,
Color Red,,
Color White,,
Color Red,,
Color Grey,,
Color Red,,
Color Black,,
Color White,,
Color White,,
Color Red,,
Color White,,
Color Red,,
Color White,,
Color Red,,
Color Black,,
Color White,,
Color White,,
Color Red,,
Color Black,,
Color White,,
Color White,,
Color Red,,
Color Black,,
Color Red,,
Color Green,,
Color White,,
Color Black,,
Is Sustainable Materials,Color Blue,Sustainable Materials
Color White,,
Color Green,,
Color Grey,,
Is Coming Soon,Color Grey,Coming Soon
Color Black,,
Color Red,,
Is Member Product,Color Black,Member Product
Is Member Product,Color Grey,Member Product
Color Grey,,
Color Grey,,
Is Available in SNKRS,Color Blue,Available in SNKRS
Is Available in SNKRS,Color Grey,Available in SNKRS
Is Available in SNKRS,Color Grey,Available in SNKRS
Color Black,,
Color Blue,,
Color Black,,
Color Black,,
Color Black,,
Color Black,,
Color Black,,
Color Black,,
Color Black,,
Color Black,,
Color Black,,
Color Black,,
Color Black,,
Color Black,,
Color Black,,
Color Black,,
Color Black,,
Color Black,,
Color Grey,,
Color Grey,,
Color Grey,,
Color Grey,,
Color Grey,,
Color Grey,,
Color Black,,
Color Grey,,
Color Grey,,
Color Grey,,
Color Grey,,
Color Grey,,
Color Grey,,
Color Grey,,
Color Grey,,
Color Grey,,
Color Grey,,
Color Grey,,
Color Grey,,
Color Grey,,
Color Grey,,
Color Grey,,
Color Grey,,
Color Grey,,
Color Grey,,
Color Grey,,
Color Grey,,
Color Grey,,
Color Red,,
Color Red,,
Color Blue,,
Color Grey,,
Color Red,,
Color Blue,,
Color Green,,
Color Black,,
Color Blue,,
Color Blue,,
Color Green,,
Color Blue,,
Color Black,,
Color Blue,,
Color Purple,,
Color Black,,
Color Blue,,
Color Blue,,
Color Black,,
Color Blue,,
Color Red,,
Color Blue,,
Color Green,,
Color Blue,,
Color Green,,
Color Blue,,
Color Black,,
Color Black,,
Color Black,,
Color Blue,,
Color Blue,,
Color Green,,
Color Black,,
Color Black,,
Color Green,,
Color Black,,
Color Red,,
Color Purple,,
Color Blue,,
Color Blue,,
Color Orange,,
Color Red,,
Color Blue,,
Color Grey,,
Color Red,,
Color Green,,
Color Blue,,
Color Blue,,
Color Purple,,
Color Green,,
Color Green,,
Color Blue,,
Color Blue,,
Color Green,,
Color Black,,
Color Blue,,
Color Black,,
Color Black,,
Color Black,,
Color Black,,
Color Black,,
Color Black,,
Color Black,,
Color Black,,
Color Black,,
Color Black,,
Color Black,,
Color Black,,
Color Black,,
Color Black,,
Color Black,,
Color Orange,,
Color Purple,,
Color Orange,,
Color Red,,
Color Red,,
Color Grey,,
Color Blue,,
Color Yellow,,
Color Black,,
Color Black,,
Color Black,,
Color Black,,
Color Black,,
Color Black,,
Color Black,,
Color Black,,
Color Black,,
Color Black,,
Color Black,,
Color Blue,,
Color Red,,
Color Black,,
Color Blue,,
Color Grey,,
Color Blue,,
Color Blue,,
Color Orange,,
Color Red,,
Color Yellow,,
Color Red,,
Color Red,,
Color Orange,,
Color Brown,,
Color Blue,,
Color Red,,
Color Red,,
